Name	Slug	Image	Description	Category
Amina's Chroma Media Server	mozaex-s-chroma-media-server	http://ultavo.invanos.net/wp-content/uploads/2016/11/Mozaex-Chroma-Server-or-Player-BD-Top-Angled-Disc.gif	"THE FINEST ENTERTAINMENT SERVER
Mozaex (pronounced mo-zae-x),is the world's premier provider of the world's first and most popular proprietary Blu-ray 3D Entertainment Server. Mozaex was formed by the founder of Axonix&reg;, the 26 year old manufacturer of MediaMax which was introduced in 2004 as the world's first multimedia Entertainment Server.
Mozaex is a multi-room, multimedia, Entertainment Server that can load, store and instantly deliver Blu-ray/DVD movies, music, photos and online content. Combining elegant operation with uncompromised reliability and quality, Mozaex has quickly become the solution of choice for homes, yachts and hotels around the world. Mozaex is sold exclusively through a network of 750 dealers that are serviced by 10 domestic rep firms and 20 international distibuters in 25 countries."	Amina tech
Amina Solo 2 3D Blu-ray 12TB Server	mozaex-solo-2-3d-blu-ray-12tb-server	http://ultavo.invanos.net/wp-content/uploads/2016/11/Mozaex-Chroma-Server-or-Player-BD-Top-Angled-Disc.gif	"THE FINEST ENTERTAINMENT SERVER
Mozaex (pronounced mo-zae-x),is the world's premier provider of the world's first and most popular proprietary Blu-ray 3D Entertainment Server. Mozaex was formed by the founder of Axonix&reg;, the 26 year old manufacturer of MediaMax which was introduced in 2004 as the world's first multimedia Entertainment Server.
Mozaex is a multi-room, multimedia, Entertainment Server that can load, store and instantly deliver Blu-ray/DVD movies, music, photos and online content. Combining elegant operation with uncompromised reliability and quality, Mozaex has quickly become the solution of choice for homes, yachts and hotels around the world. Mozaex is sold exclusively through a network of 750 dealers that are serviced by 10 domestic rep firms and 20 international distibuters in 25 countries."	Amina tech
Amina's Chroma Media Server	mozaex-s-chroma-media-server	http://ultavo.invanos.net/wp-content/uploads/2016/11/Mozaex-Chroma-Server-or-Player-BD-Top-Angled-Disc.gif	"THE FINEST ENTERTAINMENT SERVER
Mozaex (pronounced mo-zae-x),is the world's premier provider of the world's first and most popular proprietary Blu-ray 3D Entertainment Server. Mozaex was formed by the founder of Axonix&reg;, the 26 year old manufacturer of MediaMax which was introduced in 2004 as the world's first multimedia Entertainment Server.
Mozaex is a multi-room, multimedia, Entertainment Server that can load, store and instantly deliver Blu-ray/DVD movies, music, photos and online content. Combining elegant operation with uncompromised reliability and quality, Mozaex has quickly become the solution of choice for homes, yachts and hotels around the world. Mozaex is sold exclusively through a network of 750 dealers that are serviced by 10 domestic rep firms and 20 international distibuters in 25 countries."	Amina tech
Amina Solo 2 3D Blu-ray 12TB Server	mozaex-solo-2-3d-blu-ray-12tb-server	http://ultavo.invanos.net/wp-content/uploads/2016/11/Mozaex-Chroma-Server-or-Player-BD-Top-Angled-Disc.gif	"THE FINEST ENTERTAINMENT SERVER
Mozaex (pronounced mo-zae-x),is the world's premier provider of the world's first and most popular proprietary Blu-ray 3D Entertainment Server. Mozaex was formed by the founder of Axonix&reg;, the 26 year old manufacturer of MediaMax which was introduced in 2004 as the world's first multimedia Entertainment Server.
Mozaex is a multi-room, multimedia, Entertainment Server that can load, store and instantly deliver Blu-ray/DVD movies, music, photos and online content. Combining elegant operation with uncompromised reliability and quality, Mozaex has quickly become the solution of choice for homes, yachts and hotels around the world. Mozaex is sold exclusively through a network of 750 dealers that are serviced by 10 domestic rep firms and 20 international distibuters in 25 countries."	Amina tech
Amina's Chroma Media Server	mozaex-s-chroma-media-server	http://ultavo.invanos.net/wp-content/uploads/2016/11/Mozaex-Chroma-Server-or-Player-BD-Top-Angled-Disc.gif	"THE FINEST ENTERTAINMENT SERVER
Mozaex (pronounced mo-zae-x),is the world's premier provider of the world's first and most popular proprietary Blu-ray 3D Entertainment Server. Mozaex was formed by the founder of Axonix&reg;, the 26 year old manufacturer of MediaMax which was introduced in 2004 as the world's first multimedia Entertainment Server.
Mozaex is a multi-room, multimedia, Entertainment Server that can load, store and instantly deliver Blu-ray/DVD movies, music, photos and online content. Combining elegant operation with uncompromised reliability and quality, Mozaex has quickly become the solution of choice for homes, yachts and hotels around the world. Mozaex is sold exclusively through a network of 750 dealers that are serviced by 10 domestic rep firms and 20 international distibuters in 25 countries."	Amina tech
Amina Solo 2 3D Blu-ray 12TB Server	mozaex-solo-2-3d-blu-ray-12tb-server	http://ultavo.invanos.net/wp-content/uploads/2016/11/Mozaex-Chroma-Server-or-Player-BD-Top-Angled-Disc.gif	"THE FINEST ENTERTAINMENT SERVER
Mozaex (pronounced mo-zae-x),is the world's premier provider of the world's first and most popular proprietary Blu-ray 3D Entertainment Server. Mozaex was formed by the founder of Axonix&reg;, the 26 year old manufacturer of MediaMax which was introduced in 2004 as the world's first multimedia Entertainment Server.
Mozaex is a multi-room, multimedia, Entertainment Server that can load, store and instantly deliver Blu-ray/DVD movies, music, photos and online content. Combining elegant operation with uncompromised reliability and quality, Mozaex has quickly become the solution of choice for homes, yachts and hotels around the world. Mozaex is sold exclusively through a network of 750 dealers that are serviced by 10 domestic rep firms and 20 international distibuters in 25 countries."	Amina tech
ATI's Chroma Media Server	mozaex-s-chroma-media-server	http://ultavo.invanos.net/wp-content/uploads/2016/11/Mozaex-Chroma-Server-or-Player-BD-Top-Angled-Disc.gif	"THE FINEST ENTERTAINMENT SERVER
Mozaex (pronounced mo-zae-x),is the world's premier provider of the world's first and most popular proprietary Blu-ray 3D Entertainment Server. Mozaex was formed by the founder of Axonix&reg;, the 26 year old manufacturer of MediaMax which was introduced in 2004 as the world's first multimedia Entertainment Server.
Mozaex is a multi-room, multimedia, Entertainment Server that can load, store and instantly deliver Blu-ray/DVD movies, music, photos and online content. Combining elegant operation with uncompromised reliability and quality, Mozaex has quickly become the solution of choice for homes, yachts and hotels around the world. Mozaex is sold exclusively through a network of 750 dealers that are serviced by 10 domestic rep firms and 20 international distibuters in 25 countries."	ATI Amplifier
ATI Solo 2 3D Blu-ray 12TB Server	mozaex-solo-2-3d-blu-ray-12tb-server	http://ultavo.invanos.net/wp-content/uploads/2016/11/Mozaex-Chroma-Server-or-Player-BD-Top-Angled-Disc.gif	"THE FINEST ENTERTAINMENT SERVER
Mozaex (pronounced mo-zae-x),is the world's premier provider of the world's first and most popular proprietary Blu-ray 3D Entertainment Server. Mozaex was formed by the founder of Axonix&reg;, the 26 year old manufacturer of MediaMax which was introduced in 2004 as the world's first multimedia Entertainment Server.
Mozaex is a multi-room, multimedia, Entertainment Server that can load, store and instantly deliver Blu-ray/DVD movies, music, photos and online content. Combining elegant operation with uncompromised reliability and quality, Mozaex has quickly become the solution of choice for homes, yachts and hotels around the world. Mozaex is sold exclusively through a network of 750 dealers that are serviced by 10 domestic rep firms and 20 international distibuters in 25 countries."	ATI Amplifier
ATI's Chroma Media Server	mozaex-s-chroma-media-server	http://ultavo.invanos.net/wp-content/uploads/2016/11/Mozaex-Chroma-Server-or-Player-BD-Top-Angled-Disc.gif	"THE FINEST ENTERTAINMENT SERVER
Mozaex (pronounced mo-zae-x),is the world's premier provider of the world's first and most popular proprietary Blu-ray 3D Entertainment Server. Mozaex was formed by the founder of Axonix&reg;, the 26 year old manufacturer of MediaMax which was introduced in 2004 as the world's first multimedia Entertainment Server.
Mozaex is a multi-room, multimedia, Entertainment Server that can load, store and instantly deliver Blu-ray/DVD movies, music, photos and online content. Combining elegant operation with uncompromised reliability and quality, Mozaex has quickly become the solution of choice for homes, yachts and hotels around the world. Mozaex is sold exclusively through a network of 750 dealers that are serviced by 10 domestic rep firms and 20 international distibuters in 25 countries."	ATI Amplifier
ATI Solo 2 3D Blu-ray 12TB Server	mozaex-solo-2-3d-blu-ray-12tb-server	http://ultavo.invanos.net/wp-content/uploads/2016/11/Mozaex-Chroma-Server-or-Player-BD-Top-Angled-Disc.gif	"THE FINEST ENTERTAINMENT SERVER
Mozaex (pronounced mo-zae-x),is the world's premier provider of the world's first and most popular proprietary Blu-ray 3D Entertainment Server. Mozaex was formed by the founder of Axonix&reg;, the 26 year old manufacturer of MediaMax which was introduced in 2004 as the world's first multimedia Entertainment Server.
Mozaex is a multi-room, multimedia, Entertainment Server that can load, store and instantly deliver Blu-ray/DVD movies, music, photos and online content. Combining elegant operation with uncompromised reliability and quality, Mozaex has quickly become the solution of choice for homes, yachts and hotels around the world. Mozaex is sold exclusively through a network of 750 dealers that are serviced by 10 domestic rep firms and 20 international distibuters in 25 countries."	ATI Amplifier
ATI's Chroma Media Server	mozaex-s-chroma-media-server	http://ultavo.invanos.net/wp-content/uploads/2016/11/Mozaex-Chroma-Server-or-Player-BD-Top-Angled-Disc.gif	"THE FINEST ENTERTAINMENT SERVER
Mozaex (pronounced mo-zae-x),is the world's premier provider of the world's first and most popular proprietary Blu-ray 3D Entertainment Server. Mozaex was formed by the founder of Axonix&reg;, the 26 year old manufacturer of MediaMax which was introduced in 2004 as the world's first multimedia Entertainment Server.
Mozaex is a multi-room, multimedia, Entertainment Server that can load, store and instantly deliver Blu-ray/DVD movies, music, photos and online content. Combining elegant operation with uncompromised reliability and quality, Mozaex has quickly become the solution of choice for homes, yachts and hotels around the world. Mozaex is sold exclusively through a network of 750 dealers that are serviced by 10 domestic rep firms and 20 international distibuters in 25 countries."	ATI Amplifier
ATI Solo 2 3D Blu-ray 12TB Server	mozaex-solo-2-3d-blu-ray-12tb-server	http://ultavo.invanos.net/wp-content/uploads/2016/11/Mozaex-Chroma-Server-or-Player-BD-Top-Angled-Disc.gif	"THE FINEST ENTERTAINMENT SERVER
Mozaex (pronounced mo-zae-x),is the world's premier provider of the world's first and most popular proprietary Blu-ray 3D Entertainment Server. Mozaex was formed by the founder of Axonix&reg;, the 26 year old manufacturer of MediaMax which was introduced in 2004 as the world's first multimedia Entertainment Server.
Mozaex is a multi-room, multimedia, Entertainment Server that can load, store and instantly deliver Blu-ray/DVD movies, music, photos and online content. Combining elegant operation with uncompromised reliability and quality, Mozaex has quickly become the solution of choice for homes, yachts and hotels around the world. Mozaex is sold exclusively through a network of 750 dealers that are serviced by 10 domestic rep firms and 20 international distibuters in 25 countries."	ATI Amplifier
Audiophysics's Chroma Media Server	mozaex-s-chroma-media-server	http://ultavo.invanos.net/wp-content/uploads/2016/11/Mozaex-Chroma-Server-or-Player-BD-Top-Angled-Disc.gif	"THE FINEST ENTERTAINMENT SERVER
Mozaex (pronounced mo-zae-x),is the world's premier provider of the world's first and most popular proprietary Blu-ray 3D Entertainment Server. Mozaex was formed by the founder of Axonix&reg;, the 26 year old manufacturer of MediaMax which was introduced in 2004 as the world's first multimedia Entertainment Server.
Mozaex is a multi-room, multimedia, Entertainment Server that can load, store and instantly deliver Blu-ray/DVD movies, music, photos and online content. Combining elegant operation with uncompromised reliability and quality, Mozaex has quickly become the solution of choice for homes, yachts and hotels around the world. Mozaex is sold exclusively through a network of 750 dealers that are serviced by 10 domestic rep firms and 20 international distibuters in 25 countries."	Audiophysics
Audiophysics Solo 2 3D Blu-ray 12TB Server	mozaex-solo-2-3d-blu-ray-12tb-server	http://ultavo.invanos.net/wp-content/uploads/2016/11/Mozaex-Chroma-Server-or-Player-BD-Top-Angled-Disc.gif	"THE FINEST ENTERTAINMENT SERVER
Mozaex (pronounced mo-zae-x),is the world's premier provider of the world's first and most popular proprietary Blu-ray 3D Entertainment Server. Mozaex was formed by the founder of Axonix&reg;, the 26 year old manufacturer of MediaMax which was introduced in 2004 as the world's first multimedia Entertainment Server.
Mozaex is a multi-room, multimedia, Entertainment Server that can load, store and instantly deliver Blu-ray/DVD movies, music, photos and online content. Combining elegant operation with uncompromised reliability and quality, Mozaex has quickly become the solution of choice for homes, yachts and hotels around the world. Mozaex is sold exclusively through a network of 750 dealers that are serviced by 10 domestic rep firms and 20 international distibuters in 25 countries."	Audiophysics
Audiophysics's Chroma Media Server	mozaex-s-chroma-media-server	http://ultavo.invanos.net/wp-content/uploads/2016/11/Mozaex-Chroma-Server-or-Player-BD-Top-Angled-Disc.gif	"THE FINEST ENTERTAINMENT SERVER
Mozaex (pronounced mo-zae-x),is the world's premier provider of the world's first and most popular proprietary Blu-ray 3D Entertainment Server. Mozaex was formed by the founder of Axonix&reg;, the 26 year old manufacturer of MediaMax which was introduced in 2004 as the world's first multimedia Entertainment Server.
Mozaex is a multi-room, multimedia, Entertainment Server that can load, store and instantly deliver Blu-ray/DVD movies, music, photos and online content. Combining elegant operation with uncompromised reliability and quality, Mozaex has quickly become the solution of choice for homes, yachts and hotels around the world. Mozaex is sold exclusively through a network of 750 dealers that are serviced by 10 domestic rep firms and 20 international distibuters in 25 countries."	Audiophysics
Audiophysics Solo 2 3D Blu-ray 12TB Server	mozaex-solo-2-3d-blu-ray-12tb-server	http://ultavo.invanos.net/wp-content/uploads/2016/11/Mozaex-Chroma-Server-or-Player-BD-Top-Angled-Disc.gif	"THE FINEST ENTERTAINMENT SERVER
Mozaex (pronounced mo-zae-x),is the world's premier provider of the world's first and most popular proprietary Blu-ray 3D Entertainment Server. Mozaex was formed by the founder of Axonix&reg;, the 26 year old manufacturer of MediaMax which was introduced in 2004 as the world's first multimedia Entertainment Server.
Mozaex is a multi-room, multimedia, Entertainment Server that can load, store and instantly deliver Blu-ray/DVD movies, music, photos and online content. Combining elegant operation with uncompromised reliability and quality, Mozaex has quickly become the solution of choice for homes, yachts and hotels around the world. Mozaex is sold exclusively through a network of 750 dealers that are serviced by 10 domestic rep firms and 20 international distibuters in 25 countries."	Audiophysics
Audiophysics's Chroma Media Server	mozaex-s-chroma-media-server	http://ultavo.invanos.net/wp-content/uploads/2016/11/Mozaex-Chroma-Server-or-Player-BD-Top-Angled-Disc.gif	"THE FINEST ENTERTAINMENT SERVER
Mozaex (pronounced mo-zae-x),is the world's premier provider of the world's first and most popular proprietary Blu-ray 3D Entertainment Server. Mozaex was formed by the founder of Axonix&reg;, the 26 year old manufacturer of MediaMax which was introduced in 2004 as the world's first multimedia Entertainment Server.
Mozaex is a multi-room, multimedia, Entertainment Server that can load, store and instantly deliver Blu-ray/DVD movies, music, photos and online content. Combining elegant operation with uncompromised reliability and quality, Mozaex has quickly become the solution of choice for homes, yachts and hotels around the world. Mozaex is sold exclusively through a network of 750 dealers that are serviced by 10 domestic rep firms and 20 international distibuters in 25 countries."	Audiophysics
Audiophysics Solo 2 3D Blu-ray 12TB Server	mozaex-solo-2-3d-blu-ray-12tb-server	http://ultavo.invanos.net/wp-content/uploads/2016/11/Mozaex-Chroma-Server-or-Player-BD-Top-Angled-Disc.gif	"THE FINEST ENTERTAINMENT SERVER
Mozaex (pronounced mo-zae-x),is the world's premier provider of the world's first and most popular proprietary Blu-ray 3D Entertainment Server. Mozaex was formed by the founder of Axonix&reg;, the 26 year old manufacturer of MediaMax which was introduced in 2004 as the world's first multimedia Entertainment Server.
Mozaex is a multi-room, multimedia, Entertainment Server that can load, store and instantly deliver Blu-ray/DVD movies, music, photos and online content. Combining elegant operation with uncompromised reliability and quality, Mozaex has quickly become the solution of choice for homes, yachts and hotels around the world. Mozaex is sold exclusively through a network of 750 dealers that are serviced by 10 domestic rep firms and 20 international distibuters in 25 countries."	Audiophysics
Avantgarde's Chroma Media Server	mozaex-s-chroma-media-server	http://ultavo.invanos.net/wp-content/uploads/2016/11/Mozaex-Chroma-Server-or-Player-BD-Top-Angled-Disc.gif	"THE FINEST ENTERTAINMENT SERVER
Mozaex (pronounced mo-zae-x),is the world's premier provider of the world's first and most popular proprietary Blu-ray 3D Entertainment Server. Mozaex was formed by the founder of Axonix&reg;, the 26 year old manufacturer of MediaMax which was introduced in 2004 as the world's first multimedia Entertainment Server.
Mozaex is a multi-room, multimedia, Entertainment Server that can load, store and instantly deliver Blu-ray/DVD movies, music, photos and online content. Combining elegant operation with uncompromised reliability and quality, Mozaex has quickly become the solution of choice for homes, yachts and hotels around the world. Mozaex is sold exclusively through a network of 750 dealers that are serviced by 10 domestic rep firms and 20 international distibuters in 25 countries."	Avantgarde
Avantgarde Solo 2 3D Blu-ray 12TB Server	mozaex-solo-2-3d-blu-ray-12tb-server	http://ultavo.invanos.net/wp-content/uploads/2016/11/Mozaex-Chroma-Server-or-Player-BD-Top-Angled-Disc.gif	"THE FINEST ENTERTAINMENT SERVER
Mozaex (pronounced mo-zae-x),is the world's premier provider of the world's first and most popular proprietary Blu-ray 3D Entertainment Server. Mozaex was formed by the founder of Axonix&reg;, the 26 year old manufacturer of MediaMax which was introduced in 2004 as the world's first multimedia Entertainment Server.
Mozaex is a multi-room, multimedia, Entertainment Server that can load, store and instantly deliver Blu-ray/DVD movies, music, photos and online content. Combining elegant operation with uncompromised reliability and quality, Mozaex has quickly become the solution of choice for homes, yachts and hotels around the world. Mozaex is sold exclusively through a network of 750 dealers that are serviced by 10 domestic rep firms and 20 international distibuters in 25 countries."	Avantgarde
Avantgarde's Chroma Media Server	mozaex-s-chroma-media-server	http://ultavo.invanos.net/wp-content/uploads/2016/11/Mozaex-Chroma-Server-or-Player-BD-Top-Angled-Disc.gif	"THE FINEST ENTERTAINMENT SERVER
Mozaex (pronounced mo-zae-x),is the world's premier provider of the world's first and most popular proprietary Blu-ray 3D Entertainment Server. Mozaex was formed by the founder of Axonix&reg;, the 26 year old manufacturer of MediaMax which was introduced in 2004 as the world's first multimedia Entertainment Server.
Mozaex is a multi-room, multimedia, Entertainment Server that can load, store and instantly deliver Blu-ray/DVD movies, music, photos and online content. Combining elegant operation with uncompromised reliability and quality, Mozaex has quickly become the solution of choice for homes, yachts and hotels around the world. Mozaex is sold exclusively through a network of 750 dealers that are serviced by 10 domestic rep firms and 20 international distibuters in 25 countries."	Avantgarde
Avantgarde Solo 2 3D Blu-ray 12TB Server	mozaex-solo-2-3d-blu-ray-12tb-server	http://ultavo.invanos.net/wp-content/uploads/2016/11/Mozaex-Chroma-Server-or-Player-BD-Top-Angled-Disc.gif	"THE FINEST ENTERTAINMENT SERVER
Mozaex (pronounced mo-zae-x),is the world's premier provider of the world's first and most popular proprietary Blu-ray 3D Entertainment Server. Mozaex was formed by the founder of Axonix&reg;, the 26 year old manufacturer of MediaMax which was introduced in 2004 as the world's first multimedia Entertainment Server.
Mozaex is a multi-room, multimedia, Entertainment Server that can load, store and instantly deliver Blu-ray/DVD movies, music, photos and online content. Combining elegant operation with uncompromised reliability and quality, Mozaex has quickly become the solution of choice for homes, yachts and hotels around the world. Mozaex is sold exclusively through a network of 750 dealers that are serviced by 10 domestic rep firms and 20 international distibuters in 25 countries."	Avantgarde
Avantgarde's Chroma Media Server	mozaex-s-chroma-media-server	http://ultavo.invanos.net/wp-content/uploads/2016/11/Mozaex-Chroma-Server-or-Player-BD-Top-Angled-Disc.gif	"THE FINEST ENTERTAINMENT SERVER
Mozaex (pronounced mo-zae-x),is the world's premier provider of the world's first and most popular proprietary Blu-ray 3D Entertainment Server. Mozaex was formed by the founder of Axonix&reg;, the 26 year old manufacturer of MediaMax which was introduced in 2004 as the world's first multimedia Entertainment Server.
Mozaex is a multi-room, multimedia, Entertainment Server that can load, store and instantly deliver Blu-ray/DVD movies, music, photos and online content. Combining elegant operation with uncompromised reliability and quality, Mozaex has quickly become the solution of choice for homes, yachts and hotels around the world. Mozaex is sold exclusively through a network of 750 dealers that are serviced by 10 domestic rep firms and 20 international distibuters in 25 countries."	Avantgarde
Avantgarde Solo 2 3D Blu-ray 12TB Server	mozaex-solo-2-3d-blu-ray-12tb-server	http://ultavo.invanos.net/wp-content/uploads/2016/11/Mozaex-Chroma-Server-or-Player-BD-Top-Angled-Disc.gif	"THE FINEST ENTERTAINMENT SERVER
Mozaex (pronounced mo-zae-x),is the world's premier provider of the world's first and most popular proprietary Blu-ray 3D Entertainment Server. Mozaex was formed by the founder of Axonix&reg;, the 26 year old manufacturer of MediaMax which was introduced in 2004 as the world's first multimedia Entertainment Server.
Mozaex is a multi-room, multimedia, Entertainment Server that can load, store and instantly deliver Blu-ray/DVD movies, music, photos and online content. Combining elegant operation with uncompromised reliability and quality, Mozaex has quickly become the solution of choice for homes, yachts and hotels around the world. Mozaex is sold exclusively through a network of 750 dealers that are serviced by 10 domestic rep firms and 20 international distibuters in 25 countries."	Avantgarde
Crestron's Chroma Media Server	mozaex-s-chroma-media-server	http://ultavo.invanos.net/wp-content/uploads/2016/11/Mozaex-Chroma-Server-or-Player-BD-Top-Angled-Disc.gif	"THE FINEST ENTERTAINMENT SERVER
Mozaex (pronounced mo-zae-x),is the world's premier provider of the world's first and most popular proprietary Blu-ray 3D Entertainment Server. Mozaex was formed by the founder of Axonix&reg;, the 26 year old manufacturer of MediaMax which was introduced in 2004 as the world's first multimedia Entertainment Server.
Mozaex is a multi-room, multimedia, Entertainment Server that can load, store and instantly deliver Blu-ray/DVD movies, music, photos and online content. Combining elegant operation with uncompromised reliability and quality, Mozaex has quickly become the solution of choice for homes, yachts and hotels around the world. Mozaex is sold exclusively through a network of 750 dealers that are serviced by 10 domestic rep firms and 20 international distibuters in 25 countries."	Crestron
Crestron Solo 2 3D Blu-ray 12TB Server	mozaex-solo-2-3d-blu-ray-12tb-server	http://ultavo.invanos.net/wp-content/uploads/2016/11/Mozaex-Chroma-Server-or-Player-BD-Top-Angled-Disc.gif	"THE FINEST ENTERTAINMENT SERVER
Mozaex (pronounced mo-zae-x),is the world's premier provider of the world's first and most popular proprietary Blu-ray 3D Entertainment Server. Mozaex was formed by the founder of Axonix&reg;, the 26 year old manufacturer of MediaMax which was introduced in 2004 as the world's first multimedia Entertainment Server.
Mozaex is a multi-room, multimedia, Entertainment Server that can load, store and instantly deliver Blu-ray/DVD movies, music, photos and online content. Combining elegant operation with uncompromised reliability and quality, Mozaex has quickly become the solution of choice for homes, yachts and hotels around the world. Mozaex is sold exclusively through a network of 750 dealers that are serviced by 10 domestic rep firms and 20 international distibuters in 25 countries."	Crestron
Crestron's Chroma Media Server	mozaex-s-chroma-media-server	http://ultavo.invanos.net/wp-content/uploads/2016/11/Mozaex-Chroma-Server-or-Player-BD-Top-Angled-Disc.gif	"THE FINEST ENTERTAINMENT SERVER
Mozaex (pronounced mo-zae-x),is the world's premier provider of the world's first and most popular proprietary Blu-ray 3D Entertainment Server. Mozaex was formed by the founder of Axonix&reg;, the 26 year old manufacturer of MediaMax which was introduced in 2004 as the world's first multimedia Entertainment Server.
Mozaex is a multi-room, multimedia, Entertainment Server that can load, store and instantly deliver Blu-ray/DVD movies, music, photos and online content. Combining elegant operation with uncompromised reliability and quality, Mozaex has quickly become the solution of choice for homes, yachts and hotels around the world. Mozaex is sold exclusively through a network of 750 dealers that are serviced by 10 domestic rep firms and 20 international distibuters in 25 countries."	Crestron
Crestron Solo 2 3D Blu-ray 12TB Server	mozaex-solo-2-3d-blu-ray-12tb-server	http://ultavo.invanos.net/wp-content/uploads/2016/11/Mozaex-Chroma-Server-or-Player-BD-Top-Angled-Disc.gif	"THE FINEST ENTERTAINMENT SERVER
Mozaex (pronounced mo-zae-x),is the world's premier provider of the world's first and most popular proprietary Blu-ray 3D Entertainment Server. Mozaex was formed by the founder of Axonix&reg;, the 26 year old manufacturer of MediaMax which was introduced in 2004 as the world's first multimedia Entertainment Server.
Mozaex is a multi-room, multimedia, Entertainment Server that can load, store and instantly deliver Blu-ray/DVD movies, music, photos and online content. Combining elegant operation with uncompromised reliability and quality, Mozaex has quickly become the solution of choice for homes, yachts and hotels around the world. Mozaex is sold exclusively through a network of 750 dealers that are serviced by 10 domestic rep firms and 20 international distibuters in 25 countries."	Crestron
Crestron's Chroma Media Server	mozaex-s-chroma-media-server	http://ultavo.invanos.net/wp-content/uploads/2016/11/Mozaex-Chroma-Server-or-Player-BD-Top-Angled-Disc.gif	"THE FINEST ENTERTAINMENT SERVER
Mozaex (pronounced mo-zae-x),is the world's premier provider of the world's first and most popular proprietary Blu-ray 3D Entertainment Server. Mozaex was formed by the founder of Axonix&reg;, the 26 year old manufacturer of MediaMax which was introduced in 2004 as the world's first multimedia Entertainment Server.
Mozaex is a multi-room, multimedia, Entertainment Server that can load, store and instantly deliver Blu-ray/DVD movies, music, photos and online content. Combining elegant operation with uncompromised reliability and quality, Mozaex has quickly become the solution of choice for homes, yachts and hotels around the world. Mozaex is sold exclusively through a network of 750 dealers that are serviced by 10 domestic rep firms and 20 international distibuters in 25 countries."	Crestron
Crestron Solo 2 3D Blu-ray 12TB Server	mozaex-solo-2-3d-blu-ray-12tb-server	http://ultavo.invanos.net/wp-content/uploads/2016/11/Mozaex-Chroma-Server-or-Player-BD-Top-Angled-Disc.gif	"THE FINEST ENTERTAINMENT SERVER
Mozaex (pronounced mo-zae-x),is the world's premier provider of the world's first and most popular proprietary Blu-ray 3D Entertainment Server. Mozaex was formed by the founder of Axonix&reg;, the 26 year old manufacturer of MediaMax which was introduced in 2004 as the world's first multimedia Entertainment Server.
Mozaex is a multi-room, multimedia, Entertainment Server that can load, store and instantly deliver Blu-ray/DVD movies, music, photos and online content. Combining elegant operation with uncompromised reliability and quality, Mozaex has quickly become the solution of choice for homes, yachts and hotels around the world. Mozaex is sold exclusively through a network of 750 dealers that are serviced by 10 domestic rep firms and 20 international distibuters in 25 countries."	Crestron
Garvan's Chroma Media Server	mozaex-s-chroma-media-server	http://ultavo.invanos.net/wp-content/uploads/2016/11/Mozaex-Chroma-Server-or-Player-BD-Top-Angled-Disc.gif	"THE FINEST ENTERTAINMENT SERVER
Mozaex (pronounced mo-zae-x),is the world's premier provider of the world's first and most popular proprietary Blu-ray 3D Entertainment Server. Mozaex was formed by the founder of Axonix&reg;, the 26 year old manufacturer of MediaMax which was introduced in 2004 as the world's first multimedia Entertainment Server.
Mozaex is a multi-room, multimedia, Entertainment Server that can load, store and instantly deliver Blu-ray/DVD movies, music, photos and online content. Combining elegant operation with uncompromised reliability and quality, Mozaex has quickly become the solution of choice for homes, yachts and hotels around the world. Mozaex is sold exclusively through a network of 750 dealers that are serviced by 10 domestic rep firms and 20 international distibuters in 25 countries."	Garvan acustico
Garvan Solo 2 3D Blu-ray 12TB Server	mozaex-solo-2-3d-blu-ray-12tb-server	http://ultavo.invanos.net/wp-content/uploads/2016/11/Mozaex-Chroma-Server-or-Player-BD-Top-Angled-Disc.gif	"THE FINEST ENTERTAINMENT SERVER
Mozaex (pronounced mo-zae-x),is the world's premier provider of the world's first and most popular proprietary Blu-ray 3D Entertainment Server. Mozaex was formed by the founder of Axonix&reg;, the 26 year old manufacturer of MediaMax which was introduced in 2004 as the world's first multimedia Entertainment Server.
Mozaex is a multi-room, multimedia, Entertainment Server that can load, store and instantly deliver Blu-ray/DVD movies, music, photos and online content. Combining elegant operation with uncompromised reliability and quality, Mozaex has quickly become the solution of choice for homes, yachts and hotels around the world. Mozaex is sold exclusively through a network of 750 dealers that are serviced by 10 domestic rep firms and 20 international distibuters in 25 countries."	Garvan acustico
Garvan's Chroma Media Server	mozaex-s-chroma-media-server	http://ultavo.invanos.net/wp-content/uploads/2016/11/Mozaex-Chroma-Server-or-Player-BD-Top-Angled-Disc.gif	"THE FINEST ENTERTAINMENT SERVER
Mozaex (pronounced mo-zae-x),is the world's premier provider of the world's first and most popular proprietary Blu-ray 3D Entertainment Server. Mozaex was formed by the founder of Axonix&reg;, the 26 year old manufacturer of MediaMax which was introduced in 2004 as the world's first multimedia Entertainment Server.
Mozaex is a multi-room, multimedia, Entertainment Server that can load, store and instantly deliver Blu-ray/DVD movies, music, photos and online content. Combining elegant operation with uncompromised reliability and quality, Mozaex has quickly become the solution of choice for homes, yachts and hotels around the world. Mozaex is sold exclusively through a network of 750 dealers that are serviced by 10 domestic rep firms and 20 international distibuters in 25 countries."	Garvan acustico
Garvan Solo 2 3D Blu-ray 12TB Server	mozaex-solo-2-3d-blu-ray-12tb-server	http://ultavo.invanos.net/wp-content/uploads/2016/11/Mozaex-Chroma-Server-or-Player-BD-Top-Angled-Disc.gif	"THE FINEST ENTERTAINMENT SERVER
Mozaex (pronounced mo-zae-x),is the world's premier provider of the world's first and most popular proprietary Blu-ray 3D Entertainment Server. Mozaex was formed by the founder of Axonix&reg;, the 26 year old manufacturer of MediaMax which was introduced in 2004 as the world's first multimedia Entertainment Server.
Mozaex is a multi-room, multimedia, Entertainment Server that can load, store and instantly deliver Blu-ray/DVD movies, music, photos and online content. Combining elegant operation with uncompromised reliability and quality, Mozaex has quickly become the solution of choice for homes, yachts and hotels around the world. Mozaex is sold exclusively through a network of 750 dealers that are serviced by 10 domestic rep firms and 20 international distibuters in 25 countries."	Garvan acustico
Garvan's Chroma Media Server	mozaex-s-chroma-media-server	http://ultavo.invanos.net/wp-content/uploads/2016/11/Mozaex-Chroma-Server-or-Player-BD-Top-Angled-Disc.gif	"THE FINEST ENTERTAINMENT SERVER
Mozaex (pronounced mo-zae-x),is the world's premier provider of the world's first and most popular proprietary Blu-ray 3D Entertainment Server. Mozaex was formed by the founder of Axonix&reg;, the 26 year old manufacturer of MediaMax which was introduced in 2004 as the world's first multimedia Entertainment Server.
Mozaex is a multi-room, multimedia, Entertainment Server that can load, store and instantly deliver Blu-ray/DVD movies, music, photos and online content. Combining elegant operation with uncompromised reliability and quality, Mozaex has quickly become the solution of choice for homes, yachts and hotels around the world. Mozaex is sold exclusively through a network of 750 dealers that are serviced by 10 domestic rep firms and 20 international distibuters in 25 countries."	Garvan acustico
Garvan Solo 2 3D Blu-ray 12TB Server	mozaex-solo-2-3d-blu-ray-12tb-server	http://ultavo.invanos.net/wp-content/uploads/2016/11/Mozaex-Chroma-Server-or-Player-BD-Top-Angled-Disc.gif	"THE FINEST ENTERTAINMENT SERVER
Mozaex (pronounced mo-zae-x),is the world's premier provider of the world's first and most popular proprietary Blu-ray 3D Entertainment Server. Mozaex was formed by the founder of Axonix&reg;, the 26 year old manufacturer of MediaMax which was introduced in 2004 as the world's first multimedia Entertainment Server.
Mozaex is a multi-room, multimedia, Entertainment Server that can load, store and instantly deliver Blu-ray/DVD movies, music, photos and online content. Combining elegant operation with uncompromised reliability and quality, Mozaex has quickly become the solution of choice for homes, yachts and hotels around the world. Mozaex is sold exclusively through a network of 750 dealers that are serviced by 10 domestic rep firms and 20 international distibuters in 25 countries."	Garvan acustico
Mozaex's Chroma Media Server	mozaex-s-chroma-media-server	http://ultavo.invanos.net/wp-content/uploads/2016/11/Mozaex-Chroma-Server-or-Player-BD-Top-Angled-Disc.gif	"THE FINEST ENTERTAINMENT SERVER
Mozaex (pronounced mo-zae-x),is the world's premier provider of the world's first and most popular proprietary Blu-ray 3D Entertainment Server. Mozaex was formed by the founder of Axonix&reg;, the 26 year old manufacturer of MediaMax which was introduced in 2004 as the world's first multimedia Entertainment Server.
Mozaex is a multi-room, multimedia, Entertainment Server that can load, store and instantly deliver Blu-ray/DVD movies, music, photos and online content. Combining elegant operation with uncompromised reliability and quality, Mozaex has quickly become the solution of choice for homes, yachts and hotels around the world. Mozaex is sold exclusively through a network of 750 dealers that are serviced by 10 domestic rep firms and 20 international distibuters in 25 countries."	Mozaex media server
Mozaex Solo 2 3D Blu-ray 12TB Server	mozaex-solo-2-3d-blu-ray-12tb-server	http://ultavo.invanos.net/wp-content/uploads/2016/11/Mozaex-Chroma-Server-or-Player-BD-Top-Angled-Disc.gif	"THE FINEST ENTERTAINMENT SERVER
Mozaex (pronounced mo-zae-x),is the world's premier provider of the world's first and most popular proprietary Blu-ray 3D Entertainment Server. Mozaex was formed by the founder of Axonix&reg;, the 26 year old manufacturer of MediaMax which was introduced in 2004 as the world's first multimedia Entertainment Server.
Mozaex is a multi-room, multimedia, Entertainment Server that can load, store and instantly deliver Blu-ray/DVD movies, music, photos and online content. Combining elegant operation with uncompromised reliability and quality, Mozaex has quickly become the solution of choice for homes, yachts and hotels around the world. Mozaex is sold exclusively through a network of 750 dealers that are serviced by 10 domestic rep firms and 20 international distibuters in 25 countries."	Mozaex media server
Mozaex's Chroma Media Server	mozaex-s-chroma-media-server	http://ultavo.invanos.net/wp-content/uploads/2016/11/Mozaex-Chroma-Server-or-Player-BD-Top-Angled-Disc.gif	"THE FINEST ENTERTAINMENT SERVER
Mozaex (pronounced mo-zae-x),is the world's premier provider of the world's first and most popular proprietary Blu-ray 3D Entertainment Server. Mozaex was formed by the founder of Axonix&reg;, the 26 year old manufacturer of MediaMax which was introduced in 2004 as the world's first multimedia Entertainment Server.
Mozaex is a multi-room, multimedia, Entertainment Server that can load, store and instantly deliver Blu-ray/DVD movies, music, photos and online content. Combining elegant operation with uncompromised reliability and quality, Mozaex has quickly become the solution of choice for homes, yachts and hotels around the world. Mozaex is sold exclusively through a network of 750 dealers that are serviced by 10 domestic rep firms and 20 international distibuters in 25 countries."	Mozaex media server
Mozaex Solo 2 3D Blu-ray 12TB Server	mozaex-solo-2-3d-blu-ray-12tb-server	http://ultavo.invanos.net/wp-content/uploads/2016/11/Mozaex-Chroma-Server-or-Player-BD-Top-Angled-Disc.gif	"THE FINEST ENTERTAINMENT SERVER
Mozaex (pronounced mo-zae-x),is the world's premier provider of the world's first and most popular proprietary Blu-ray 3D Entertainment Server. Mozaex was formed by the founder of Axonix&reg;, the 26 year old manufacturer of MediaMax which was introduced in 2004 as the world's first multimedia Entertainment Server.
Mozaex is a multi-room, multimedia, Entertainment Server that can load, store and instantly deliver Blu-ray/DVD movies, music, photos and online content. Combining elegant operation with uncompromised reliability and quality, Mozaex has quickly become the solution of choice for homes, yachts and hotels around the world. Mozaex is sold exclusively through a network of 750 dealers that are serviced by 10 domestic rep firms and 20 international distibuters in 25 countries."	Mozaex media server
Mozaex's Chroma Media Server	mozaex-s-chroma-media-server	http://ultavo.invanos.net/wp-content/uploads/2016/11/Mozaex-Chroma-Server-or-Player-BD-Top-Angled-Disc.gif	"THE FINEST ENTERTAINMENT SERVER
Mozaex (pronounced mo-zae-x),is the world's premier provider of the world's first and most popular proprietary Blu-ray 3D Entertainment Server. Mozaex was formed by the founder of Axonix&reg;, the 26 year old manufacturer of MediaMax which was introduced in 2004 as the world's first multimedia Entertainment Server.
Mozaex is a multi-room, multimedia, Entertainment Server that can load, store and instantly deliver Blu-ray/DVD movies, music, photos and online content. Combining elegant operation with uncompromised reliability and quality, Mozaex has quickly become the solution of choice for homes, yachts and hotels around the world. Mozaex is sold exclusively through a network of 750 dealers that are serviced by 10 domestic rep firms and 20 international distibuters in 25 countries."	Mozaex media server
Mozaex Solo 2 3D Blu-ray 12TB Server	mozaex-solo-2-3d-blu-ray-12tb-server	http://ultavo.invanos.net/wp-content/uploads/2016/11/Mozaex-Chroma-Server-or-Player-BD-Top-Angled-Disc.gif	"THE FINEST ENTERTAINMENT SERVER
Mozaex (pronounced mo-zae-x),is the world's premier provider of the world's first and most popular proprietary Blu-ray 3D Entertainment Server. Mozaex was formed by the founder of Axonix&reg;, the 26 year old manufacturer of MediaMax which was introduced in 2004 as the world's first multimedia Entertainment Server.
Mozaex is a multi-room, multimedia, Entertainment Server that can load, store and instantly deliver Blu-ray/DVD movies, music, photos and online content. Combining elegant operation with uncompromised reliability and quality, Mozaex has quickly become the solution of choice for homes, yachts and hotels around the world. Mozaex is sold exclusively through a network of 750 dealers that are serviced by 10 domestic rep firms and 20 international distibuters in 25 countries."	Mozaex media server
